totim,kstp,kper,zone,STO-SS-IN,DRN-IN,RIV-IN,RCHA-IN,STO-SS-OUT,DRN-OUT,RIV-OUT,RCHA-OUT,FROM ZONE 0,FROM ZONE 1,TO ZONE 0,TO ZONE 1
1.000000000000000,1,1,1,.000000000000000,.000000000000000,19523.71235025159,14548.31886628034,.000000000000000,32443.26313115384,1628.894724083288,.000000000000000,.000000000000000,.000000000000000,.000000000000000,.000000000000000
