totim,kstp,kper,zone,STO-SS-IN,DRN-IN,RIV-IN,RCHA-IN,STO-SS-OUT,DRN-OUT,RIV-OUT,RCHA-OUT,FROM ZONE 0,FROM ZONE 1,TO ZONE 0,TO ZONE 1
1.000000000000000,1,1,1,.000000000000000,.000000000000000,8498.652338812419,28844.89361915841,.000000000000000,29392.15684010813,7951.335230294764,.000000000000000,.000000000000000,.000000000000000,.000000000000000,.000000000000000
