totim,kstp,kper,zone,STO-SS-IN,DRN-IN,RIV-IN,RCHA-IN,STO-SS-OUT,DRN-OUT,RIV-OUT,RCHA-OUT,FROM ZONE 0,FROM ZONE 1,TO ZONE 0,TO ZONE 1
1.000000000000000,1,1,1,.000000000000000,.000000000000000,3200.817638247133,28844.89361915841,.000000000000000,9449.965282485795,22595.69262505251,.000000000000000,.000000000000000,.000000000000000,.000000000000000,.000000000000000
